{
  "win_probabilities": {
    "Fine": 7.7048000000000005,
    "Biss": 65.76180000000001,
    "Abughazaleh": 24.9267,
    "Simmons": 1.0194,
    "Amiwala": 0.2637,
    "Andrew": 0.302,
    "Huynh": 0.0211
  },
  "median_results": {
    "Fine": 17.672604889987937,
    "Biss": 29.481110332530108,
    "Abughazaleh": 23.479427814947627,
    "Simmons": 10.540054541111322,
    "Amiwala": 6.896210992684639,
    "Andrew": 7.749665277342466,
    "Huynh": 2.117847226255851
  },
  "simulation_wins": {
    "Fine": 77048,
    "Biss": 657618,
    "Abughazaleh": 249267,
    "Simmons": 10194,
    "Amiwala": 2637,
    "Andrew": 3020,
    "Huynh": 211,
    "Other_Breakout": 5
  },
  "last_run": "2026-03-14 09:15 PM",
  "changes": {
    "Fine": {
      "win_prob_change": -0.27009999999999934,
      "vote_share_change": -0.15299565811525184
    },
    "Biss": {
      "win_prob_change": -0.10769999999999413,
      "vote_share_change": -0.06879697054647593
    },
    "Abughazaleh": {
      "win_prob_change": 0.36389999999999745,
      "vote_share_change": 0.06416986561142934
    },
    "Simmons": {
      "win_prob_change": 0.009300000000000086,
      "vote_share_change": 0.13374732152031932
    },
    "Amiwala": {
      "win_prob_change": 0.0040000000000000036,
      "vote_share_change": 0.04720568432580219
    },
    "Andrew": {
      "win_prob_change": -0.0015999999999999903,
      "vote_share_change": 0.04960912974958376
    },
    "Huynh": {
      "win_prob_change": 0.002100000000000001,
      "vote_share_change": -0.04734129823578925
    }
  },
  "win_probabilities_old": {
    "Fine": 7.9749,
    "Biss": 65.8695,
    "Abughazaleh": 24.562800000000003,
    "Simmons": 1.0101,
    "Amiwala": 0.2597,
    "Andrew": 0.3036,
    "Huynh": 0.019
  },
  "median_results_old": {
    "Fine": 17.82560054810319,
    "Biss": 29.549907303076584,
    "Abughazaleh": 23.415257949336198,
    "Simmons": 10.406307219591003,
    "Amiwala": 6.849005308358837,
    "Andrew": 7.700056147592882,
    "Huynh": 2.1651885244916405
  }
}